"","sampleID","horizon","mois","temp","bd","Dgas","Dliq","CO2","CH4","O2","H2","avail_ammonium","avail_nitrate_nitrite","nmin_obs","nitr_obs","moisture","liq_diffusion","gas_diffusion","ammonium","nitrate","oxygen","co2","id"
"1","HARV_001-M-20-3-20180710","M",0.222975377736842,17.3,0.8,1.43414048037368,3.17752259411457,0.000265928075637809,1.24168751270572e-06,0.144173716753053,3.44913197973812e-07,0.738266691319029,0,NA,NA,0.22,3.18,1.43,0.74,0,0.144,0,"sim_diff_3.18_nh4_0.74_no3_0_mois_0.22_o2_0.144"
"2","HARV_001-M-27-32.5-20180710","M",0.242062764157895,17.7,0.8,1.43414048037368,3.17752259411457,0.000276677394345774,1.29187888410478e-06,0.150001492654388,3.58855245584661e-07,0.549949330148459,0,0.046,0.034,0.24,3.18,1.43,0.55,0,0.15,0,"sim_diff_3.18_nh4_0.55_no3_0_mois_0.24_o2_0.15"
"3","HARV_001-M-28-35-20180418","M",0.553534206210526,4.3,0.8,1.43414048037368,3.17752259411457,2.31165531787738e-05,1.07937213286104e-07,0.0125327097648865,2.99825592461399e-08,3.20465648815928,0,-0.001,0.014,0.55,3.18,1.43,3.2,0,0.013,0,"sim_diff_3.18_nh4_3.2_no3_0_mois_0.55_o2_0.013"
"4","HARV_001-M-35-37-20181010","M",0.510153782526316,16.1,0.8,1.43414048037368,3.17752259411457,0.000233168981147569,1.08872676022211e-06,0.12641327382579,3.02424100061698e-07,1.99710300999487,1.76205436027956,0.032,-0.018,0.51,3.18,1.43,2,1.76,0.126,0,"sim_diff_3.18_nh4_2_no3_1.76_mois_0.51_o2_0.126"
"5","HARV_001-M-37.5-12.5-20180418","M",0.432936628368421,3.2,0.8,1.43414048037368,3.17752259411457,1.38165590541318e-05,6.45131162060629e-08,0.00749068960392619,1.79203100572397e-08,2.61101391323792,0.0206349887769066,0.053,0.006,0.43,3.18,1.43,2.61,0.02,0.007,0,"sim_diff_3.18_nh4_2.61_no3_0.02_mois_0.43_o2_0.007"
"6","HARV_001-M-37.5-5.5-20181010","M",0.209961250631579,16.3,0.8,1.43414048037368,3.17752259411457,0.000239675124640923,1.11910564034672e-06,0.129940599351369,3.10862677874089e-07,0.649143389090594,0,0.094,0.045,0.21,3.18,1.43,0.65,0,0.13,0,"sim_diff_3.18_nh4_0.65_no3_0_mois_0.21_o2_0.13"
"7","HARV_001-M-8-19-20181010","M",0.627280926473684,15.7,0.8,1.43414048037368,3.17752259411457,0.000222609844011836,1.03942339616421e-06,0.120688605443511,2.88728721156726e-07,5.92179516999667,0.480361035331268,-0.061,-0.001,0.63,3.18,1.43,5.92,0.48,0.121,0,"sim_diff_3.18_nh4_5.92_no3_0.48_mois_0.63_o2_0.121"
"8","HARV_001-M-9-34.5-20180418","M",0.48846357068421,3.7,0.8,1.43414048037368,3.17752259411457,1.77936287341012e-05,8.30830913654529e-08,0.0096468700529887,2.30786364904036e-08,2.62616002256862,0,0.017,0.015,0.49,3.18,1.43,2.63,0,0.01,0,"sim_diff_3.18_nh4_2.63_no3_0_mois_0.49_o2_0.01"
"9","HARV_033-M-0-32.5-20180418","M",1.21812229705263,2.9,0.8,1.43414048037368,3.17752259411457,1.14503140162425e-05,5.34645012431557e-08,0.00620782264434419,1.4851250345321e-08,8.46502652223822,0,0.09,0.025,1.22,3.18,1.43,8.47,0,0.006,0,"sim_diff_3.18_nh4_8.47_no3_0_mois_1.22_o2_0.006"
"10","HARV_033-M-14.5-0-20180418","M",0.616869624789474,2.4,0.8,1.43414048037368,3.17752259411457,8.32106849164215e-06,3.88532380932707e-08,0.00451129264527421,1.07925661370196e-08,3.3321991896656,0.55079292488002,0.033,-0.001,0.62,3.18,1.43,3.33,0.55,0.005,0,"sim_diff_3.18_nh4_3.33_no3_0.55_mois_0.62_o2_0.005"
"11","HARV_033-M-16.5-5-20181010","M",0.492801613052631,15,0.8,1.43414048037368,3.17752259411457,0.000206079130179109,9.62237183715685e-07,0.111726428553655,2.6728810658769e-07,1.73657008021894,2.49759177452589,1.686,0.164,0.49,3.18,1.43,1.74,2.5,0.112,0,"sim_diff_3.18_nh4_1.74_no3_2.5_mois_0.49_o2_0.112"
"12","HARV_033-M-31.5-30-20180418","M",0.668058524736842,2.3,0.8,1.43414048037368,3.17752259411457,7.71601755625055e-06,3.60280975389131e-08,0.00418326243646269,1.00078048719203e-08,0.859722277899576,1.53476347387998,NA,NA,0.67,3.18,1.43,0.86,1.53,0.004,0,"sim_diff_3.18_nh4_0.86_no3_1.53_mois_0.67_o2_0.004"
"13","HARV_033-M-37.5-26.5-20181010","M",0.865873256736842,15.4,0.8,1.43414048037368,3.17752259411457,0.000214203981999639,1.00017423501777e-06,0.116131341732619,2.77826176393825e-07,4.99916994768524,0,0.134,0.128,0.87,3.18,1.43,5,0,0.116,0,"sim_diff_3.18_nh4_5_no3_0_mois_0.87_o2_0.116"
"14","HARV_033-M-6.5-31.5-20180709","M",0.40604076568421,15.2,0.8,1.43414048037368,3.17752259411457,0.000211273049774091,9.86488948361514e-07,0.114542327893087,2.74024707878198e-07,3.86157969532983,0,0.436,0.325,0.41,3.18,1.43,3.86,0,0.115,0,"sim_diff_3.18_nh4_3.86_no3_0_mois_0.41_o2_0.115"
"15","HARV_033-M-8.5-15.5-20180709","M",0.396497072473684,15.3,0.8,1.43414048037368,3.17752259411457,0.000213751688834357,9.98062360316063e-07,0.115886129614476,2.7723954453224e-07,2.60794830101081,0,0.083,0.142,0.4,3.18,1.43,2.61,0,0.116,0,"sim_diff_3.18_nh4_2.61_no3_0_mois_0.4_o2_0.116"
"16","HARV_033-M-9.5-24.5-20181010","M",0.311471442052632,15.7,0.8,1.43414048037368,3.17752259411457,0.000224001825641057,1.0459229212812e-06,0.121443272526539,2.90534144800334e-07,0.922407431514714,0.141528178869747,0.124,0.083,0.31,3.18,1.43,0.92,0.14,0.121,0,"sim_diff_3.18_nh4_0.92_no3_0.14_mois_0.31_o2_0.121"
"17","HARV_004-M-0.5-26.5-20180418","M",0.529241168947368,3.4,0.8,1.43414048037368,3.17752259411457,1.53338020887653e-05,7.1597519480616e-08,0.00831326753969375,1.98881998557267e-08,4.67169529479899,0,0.247,0.072,0.53,3.18,1.43,4.67,0,0.008,0,"sim_diff_3.18_nh4_4.67_no3_0_mois_0.53_o2_0.008"
"18","HARV_004-M-10.5-34-20181009","M",0.593444196,14.7,0.8,1.43414048037368,3.17752259411457,0.000198525350701867,9.26966618063192e-07,0.107631123986226,2.57490727239776e-07,6.232180137455,2.35144587939679,-0.053,0.007,0.59,3.18,1.43,6.23,2.35,0.108,0,"sim_diff_3.18_nh4_6.23_no3_2.35_mois_0.59_o2_0.108"
"19","HARV_004-M-15-0.5-20180710","M",0.367865992842105,17.5,0.8,1.43414048037368,3.17752259411457,0.000270558542966993,1.26330837183032e-06,0.146684138729187,3.50918992175089e-07,2.78315686169585,0.362359776197275,0.154,0.109,0.37,3.18,1.43,2.78,0.36,0.147,0,"sim_diff_3.18_nh4_2.78_no3_0.36_mois_0.37_o2_0.147"
"20","HARV_004-M-21-0-20180418","M",0.558739857052632,4.3,0.8,1.43414048037368,3.17752259411457,2.31141750092403e-05,1.07926108992562e-07,0.0125314204330252,2.99794747201561e-08,4.82378494888641,0.20062116276193,0.304,0.084,0.56,3.18,1.43,4.82,0.2,0.013,0,"sim_diff_3.18_nh4_4.82_no3_0.2_mois_0.56_o2_0.013"
"21","HARV_004-M-27-32-20181009","M",0.481522702894737,14.9,0.8,1.43414048037368,3.17752259411457,0.000203726249315989,9.51250969568821e-07,0.110450807022158,2.64236380435784e-07,2.74337833757267,3.00348671313728,0.026,0.025,0.48,3.18,1.43,2.74,3,0.11,0,"sim_diff_3.18_nh4_2.74_no3_3_mois_0.48_o2_0.11"
"22","HARV_004-M-28.5-34-20180710","M",0.305398182736842,17.6,0.8,1.43414048037368,3.17752259411457,0.000273606412947616,1.27753967135074e-06,0.148336550729058,3.5487213093076e-07,3.48182973754207,0.329939272788268,0.058,0.156,0.31,3.18,1.43,3.48,0.33,0.148,0,"sim_diff_3.18_nh4_3.48_no3_0.33_mois_0.31_o2_0.148"
"23","HARV_004-M-33.5-2.5-20180710","M",0.323617960684211,16.9,0.8,1.43414048037368,3.17752259411457,0.000254756345437684,1.18952379192693e-06,0.138116929173738,3.30423275535258e-07,0.963520268873432,0,-0.004,0,0.32,3.18,1.43,0.96,0,0.138,0,"sim_diff_3.18_nh4_0.96_no3_0_mois_0.32_o2_0.138"
"24","HARV_004-M-36-30.5-20180418","M",0.529241168947368,4.3,0.8,1.43414048037368,3.17752259411457,2.31276521119699e-05,1.07989037098692e-07,0.0125387270853481,2.99969547496367e-08,3.01860801085824,0,0.047,0.097,0.53,3.18,1.43,3.02,0,0.013,0,"sim_diff_3.18_nh4_3.02_no3_0_mois_0.53_o2_0.013"
"25","HARV_004-M-6-10-20181009","M",0.692351562,15,0.8,1.43414048037368,3.17752259411457,0.000205267550705954,9.58447707576438e-07,0.111286428268598,2.66235474326788e-07,3.35934309073406,2.19336284313154,0.484,-0.045,0.69,3.18,1.43,3.36,2.19,0.111,0,"sim_diff_3.18_nh4_3.36_no3_2.19_mois_0.69_o2_0.111"
"26","HARV_021-M-3-14-20181010","M",0.216902118421053,16.5,0.8,1.43414048037368,3.17752259411457,0.000244811763595485,1.14308994674935e-06,0.132725443817007,3.17524985208151e-07,0.508637999911726,1.16959171524417,-0.081,-0.082,0.22,3.18,1.43,0.51,1.17,0.133,0,"sim_diff_3.18_nh4_0.51_no3_1.17_mois_0.22_o2_0.133"
"27","HARV_021-M-6.5-2-20180712","M",0.197814732,15.7,0.8,1.43414048037368,3.17752259411457,0.00022450331641442,1.04826451244087e-06,0.121715157277857,2.91184586789131e-07,0.506619988985247,0,0.078,0.049,0.2,3.18,1.43,0.51,0,0.122,0,"sim_diff_3.18_nh4_0.51_no3_0_mois_0.2_o2_0.122"
"28","HARV_037-M-0-34.5-20180710","M",0.400835114842105,14.2,0.8,1.43414048037368,3.17752259411457,0.000187571566625661,8.75820544555614e-07,0.101692496562291,2.43283484598782e-07,1.46725935428194,0,0.018,0,0.4,3.18,1.43,1.47,0,0.102,0,"sim_diff_3.18_nh4_1.47_no3_0_mois_0.4_o2_0.102"
"29","HARV_037-M-0.5-23-20181010","M",0.396497072473684,14.9,0.8,1.43414048037368,3.17752259411457,0.000204068287756196,9.52848036215699e-07,0.110636244205045,2.64680010059916e-07,0.643797865611847,0.139846503097681,0.584,0.166,0.4,3.18,1.43,0.64,0.14,0.111,0,"sim_diff_3.18_nh4_0.64_no3_0.14_mois_0.4_o2_0.111"
"30","HARV_037-M-10-4.5-20180419","M",1.00208778710526,2,0.8,1.43414048037368,3.17752259411457,6.00195898512631e-06,2.80247112145976e-08,0.00325398035769494,7.78464200405488e-09,6.58483581739379,0.0668672882810782,0.049,0.006,1,3.18,1.43,6.58,0.07,0.003,0,"sim_diff_3.18_nh4_6.58_no3_0.07_mois_1_o2_0.003"
"31","HARV_037-M-19-4-20181010","M",0.661117656947368,14.5,0.8,1.43414048037368,3.17752259411457,0.000193563367488967,9.03797824851206e-07,0.104940969663279,2.51054951347557e-07,5.2202799864111,0,0.352,0.129,0.66,3.18,1.43,5.22,0,0.105,0,"sim_diff_3.18_nh4_5.22_no3_0_mois_0.66_o2_0.105"
"32","HARV_013-M-0-6-20180712","M",0.116259535473684,17.2,0.8,1.43414048037368,3.17752259411457,0.000263796508187725,1.23173466858082e-06,0.143018080962995,3.42148519050227e-07,0.148505754901056,0.00406359030823786,0.068,0.023,0.12,3.18,1.43,0.15,0,0.143,0,"sim_diff_3.18_nh4_0.15_no3_0_mois_0.12_o2_0.143"
"33","HARV_013-M-10.5-37-20180418","M",0.175256911684211,3.7,0.8,1.43414048037368,3.17752259411457,1.7903747758149e-05,8.35972657968049e-08,0.0097065714175179,2.32214627213347e-08,0.529595539615406,0.0852030678876521,-0.017,-0.006,0.18,3.18,1.43,0.53,0.09,0.01,0,"sim_diff_3.18_nh4_0.53_no3_0.09_mois_0.18_o2_0.01"
"34","HARV_013-M-2.5-25-20180712","M",0.118862360894737,16.9,0.8,1.43414048037368,3.17752259411457,0.000255784248855909,1.19432334096144e-06,0.138674210144967,3.317564836004e-07,0.335009111714217,0,0.008,0.022,0.12,3.18,1.43,0.34,0,0.139,0,"sim_diff_3.18_nh4_0.34_no3_0_mois_0.12_o2_0.139"
"35","HARV_013-M-24.5-7.5-20180418","M",0.206490816736842,3.6,0.8,1.43414048037368,3.17752259411457,1.70550762453539e-05,7.96345972545709e-08,0.00924646157011407,2.2120721459603e-08,0.612168576869368,0.103668419234041,0.028,-0.006,0.21,3.18,1.43,0.61,0.1,0.009,0,"sim_diff_3.18_nh4_0.61_no3_0.1_mois_0.21_o2_0.009"
"36","HARV_021-M-28.5-1-20180417","M",0.224710594684211,3.5,0.8,1.43414048037368,3.17752259411457,1.62288507857239e-05,7.57767351862594e-08,0.00879852091884901,2.10490931072943e-08,0.463400921643154,0,-0.012,0.002,0.22,3.18,1.43,0.46,0,0.009,0,"sim_diff_3.18_nh4_0.46_no3_0_mois_0.22_o2_0.009"
"37","HARV_002-M-1-33.5-20180711","M",0.226445811631579,19.2,0.8,1.43414048037368,3.17752259411457,0.000319103096610671,1.48997554837667e-06,0.173002716450403,4.13882096771298e-07,0.423807106170351,0,0.256,0.178,0.23,3.18,1.43,0.42,0,0.173,0,"sim_diff_3.18_nh4_0.42_no3_0_mois_0.23_o2_0.173"
"38","HARV_002-M-12-2.5-20181008","M",0.288913621736842,15.4,0.8,1.43414048037368,3.17752259411457,0.000216661285258124,1.01164802455155e-06,0.117463576184041,2.81013340153209e-07,1.49547015456973,0.999734191728936,0.062,-0.038,0.29,3.18,1.43,1.5,1,0.117,0,"sim_diff_3.18_nh4_1.5_no3_1_mois_0.29_o2_0.117"
"39","HARV_002-M-21.5-4-20180711","M",0.275031886157895,18.9,0.8,1.43414048037368,3.17752259411457,0.000310132213600244,1.4480881568883e-06,0.168139124883141,4.0224671024675e-07,0.652818264179387,0.0725353626865985,0.188,0.083,0.28,3.18,1.43,0.65,0.07,0.168,0,"sim_diff_3.18_nh4_0.65_no3_0.07_mois_0.28_o2_0.168"
"40","HARV_002-M-25.5-36.5-20181008","M",0.642897879,15.3,0.8,1.43414048037368,3.17752259411457,0.000212713854043761,9.93216439114838e-07,0.115323464319445,2.75893455309677e-07,4.59635070651938,2.95392138738979,-0.077,-0.043,0.64,3.18,1.43,4.6,2.95,0.115,0,"sim_diff_3.18_nh4_4.6_no3_2.95_mois_0.64_o2_0.115"
"41","HARV_002-M-37-16.5-20181008","M",0.653309180684211,15.1,0.8,1.43414048037368,3.17752259411457,0.000207828903136852,9.70407329821877e-07,0.112675073295985,2.69557591617188e-07,7.79294617835486,0.398573699052779,-0.073,0.003,0.65,3.18,1.43,7.79,0.4,0.113,0,"sim_diff_3.18_nh4_7.79_no3_0.4_mois_0.65_o2_0.113"
"42","HARV_002-M-9-4-20180711","M",0.262017759052632,18.9,0.8,1.43414048037368,3.17752259411457,0.00031021165319667,1.44845908107395e-06,0.168182193302475,4.02349744742763e-07,1.17308739537365,0.0682705226548184,0.272,0.157,0.26,3.18,1.43,1.17,0.07,0.168,0,"sim_diff_3.18_nh4_1.17_no3_0.07_mois_0.26_o2_0.168"
"43","HARV_035-M-27-3-20181011","M",0.408643591105263,16,0.8,1.43414048037368,3.17752259411457,0.000231102956118223,1.07907995074657e-06,0.125293172058907,2.99744430762935e-07,0.914125867548671,0.329812457893981,0.148,0.089,0.41,3.18,1.43,0.91,0.33,0.125,0,"sim_diff_3.18_nh4_0.91_no3_0.33_mois_0.41_o2_0.125"
"44","HARV_021-M-38-18.5-20180712","M",0.294986881052632,16.4,0.8,1.43414048037368,3.17752259411457,0.00024184931563865,1.12925750492755e-06,0.131119343627699,3.13682640257652e-07,1.0282482450248,0,0.104,0.065,0.29,3.18,1.43,1.03,0,0.131,0,"sim_diff_3.18_nh4_1.03_no3_0_mois_0.29_o2_0.131"
"45","HARV_035-M-0.5-36.5-20180419","M",0.37307164368421,1.8,0.8,1.43414048037368,3.17752259411457,5.05390403862373e-06,2.35979955110836e-08,0.00273998947878693,6.55499875307877e-09,0.438614123501115,0,0.025,0.017,0.37,3.18,1.43,0.44,0,0.003,0,"sim_diff_3.18_nh4_0.44_no3_0_mois_0.37_o2_0.003"
"46","HARV_035-M-19-5.5-20181011","M",0.897974770263158,16.5,0.8,1.43414048037368,3.17752259411457,0.000241538468798703,1.12780607999394e-06,0.130950817065963,3.13279466664984e-07,10.4460598796505,2.47954822054529,0.067,0.055,0.9,3.18,1.43,10.45,2.48,0.131,0,"sim_diff_3.18_nh4_10.45_no3_2.48_mois_0.9_o2_0.131"
"47","HARV_035-M-20-32.5-20181011","M",0.512756607947368,15.5,0.8,1.43414048037368,3.17752259411457,0.000218164276362172,1.01866588184672e-06,0.118278427392202,2.82962744957422e-07,1.29691938279931,0.29490252297321,0.082,0.07,0.51,3.18,1.43,1.3,0.29,0.118,0,"sim_diff_3.18_nh4_1.3_no3_0.29_mois_0.51_o2_0.118"
"48","HARV_035-M-25.5-9-20180419","M",0.334896870842105,0.9,0.8,1.43414048037368,3.17752259411457,1.5036653201488e-06,7.0210053859088e-09,0.000815216736474966,1.95027927386355e-09,0.218149186628807,0.450132224117002,-0.006,-0.005,0.33,3.18,1.43,0.22,0.45,0.001,0,"sim_diff_3.18_nh4_0.22_no3_0.45_mois_0.33_o2_0.001"
"49","HARV_037-M-5-13.5-20180710","M",0.919664982105263,14.9,0.8,1.43414048037368,3.17752259411457,0.000201965981973728,9.43031822445425e-07,0.109496472717274,2.61953284012618e-07,2.99239040988718,0,0.305,0.315,0.92,3.18,1.43,2.99,0,0.109,0,"sim_diff_3.18_nh4_2.99_no3_0_mois_0.92_o2_0.109"
"50","HARV_005-M-11-37-20180711","M",0.471979009684211,18.6,0.8,1.43414048037368,3.17752259411457,0.000300400389837649,1.4026477346505e-06,0.162862986967753,3.8962437073625e-07,1.64819663997412,0.163469912426914,0.476,0.363,0.47,3.18,1.43,1.65,0.16,0.163,0,"sim_diff_3.18_nh4_1.65_no3_0.16_mois_0.47_o2_0.163"
"51","HARV_005-M-23-34.5-20181008","M",0.594311804473684,15.9,0.8,1.43414048037368,3.17752259411457,0.000227744633703013,1.06339906787399e-06,0.123472447325369,2.95388629964997e-07,3.21412349570235,2.43608655079673,-0.022,0.008,0.59,3.18,1.43,3.21,2.44,0.123,0,"sim_diff_3.18_nh4_3.21_no3_2.44_mois_0.59_o2_0.123"
"52","HARV_005-M-23.5-6.5-20181008","M",0.429466194473684,15.8,0.8,1.43414048037368,3.17752259411457,0.000225978473292265,1.0551524044775e-06,0.122514918075443,2.93097890132639e-07,0.403933006759166,1.70443353189932,0.045,-0.015,0.43,3.18,1.43,0.4,1.7,0.123,0,"sim_diff_3.18_nh4_0.4_no3_1.7_mois_0.43_o2_0.123"
"53","HARV_005-M-24.5-36-20180711","M",0.360057516578947,18.1,0.8,1.43414048037368,3.17752259411457,0.00028704435068763,1.34028490593446e-06,0.155621969633501,3.72301362759572e-07,1.47702134429651,0,0.245,0.16,0.36,3.18,1.43,1.48,0,0.156,0,"sim_diff_3.18_nh4_1.48_no3_0_mois_0.36_o2_0.156"
"54","HARV_005-M-36-21-20180417","M",0.471111401210526,3.8,0.8,1.43414048037368,3.17752259411457,1.86501174521575e-05,8.70822604770002e-08,0.0101112180220517,2.41895167991667e-08,6.08217741543225,0,0.131,0.022,0.47,3.18,1.43,6.08,0,0.01,0,"sim_diff_3.18_nh4_6.08_no3_0_mois_0.47_o2_0.01"
"55","HARV_005-M-7-1.5-20180711","M",0.38955620468421,17.6,0.8,1.43414048037368,3.17752259411457,0.000273153110865707,1.27542308575428e-06,0.148090791623691,3.54284190487299e-07,1.75647174808541,0,0.187,0.128,0.39,3.18,1.43,1.76,0,0.148,0,"sim_diff_3.18_nh4_1.76_no3_0_mois_0.39_o2_0.148"
"56","HARV_021-M-28-1-20181010","M",0.190006255736842,16.7,0.8,1.43414048037368,3.17752259411457,0.000250160569995753,1.16806491826811e-06,0.135625315510019,3.24462477296696e-07,0.372513238276814,0.358023258181768,-0.009,-0.019,0.19,3.18,1.43,0.37,0.36,0.136,0,"sim_diff_3.18_nh4_0.37_no3_0.36_mois_0.19_o2_0.136"
"57","HARV_005-M-0.5-19.5-20181008","M",0.583032894315789,16.1,0.8,1.43414048037368,3.17752259411457,0.000232833423759372,1.08715995529668e-06,0.126231350365003,3.019888764713e-07,5.67821959706333,2.10455382129329,0.204,0.18,0.58,3.18,1.43,5.68,2.1,0.126,0,"sim_diff_3.18_nh4_5.68_no3_2.1_mois_0.58_o2_0.126"
"58","HARV_034-M-7-1-20180418","M",0.619472450210526,3.1,0.8,1.43414048037368,3.17752259411457,1.30217701940394e-05,6.08020398165266e-08,0.00705979240091892,1.68894555045907e-08,1.03537193386909,0,NA,NA,0.62,3.18,1.43,1.04,0,0.007,0,"sim_diff_3.18_nh4_1.04_no3_0_mois_0.62_o2_0.007"
"59","HARV_013-M-30-30.5-20180418","M",0.235121896368421,4,0.8,1.43414048037368,3.17752259411457,2.04967376202494e-05,9.57046114564172e-08,0.0111123687746618,2.65846142934492e-08,0.781471974433482,0.188270494796594,0.015,0.01,0.24,3.18,1.43,0.78,0.19,0.011,0,"sim_diff_3.18_nh4_0.78_no3_0.19_mois_0.24_o2_0.011"
"60","HARV_021-M-1-22.5-20180417","M",0.222107769263158,3.7,0.8,1.43414048037368,3.17752259411457,1.78872648611924e-05,8.35203028538167e-08,0.00969763516469316,2.32000841260602e-08,1.12073489879737,0,0.067,0.014,0.22,3.18,1.43,1.12,0,0.01,0,"sim_diff_3.18_nh4_1.12_no3_0_mois_0.22_o2_0.01"
"61","HARV_021-M-16.5-6-20180417","M",0.340102521684211,4.2,0.8,1.43414048037368,3.17752259411457,2.22776057099413e-05,1.04019948840193e-07,0.0120778718375557,2.88944302333869e-08,0.299349314809837,0.179393452196509,0.05,0.019,0.34,3.18,1.43,0.3,0.18,0.012,0,"sim_diff_3.18_nh4_0.3_no3_0.18_mois_0.34_o2_0.012"
"62","HARV_034-M-34.5-11-20181010","M",1.38643834094737,15.7,0.8,1.43414048037368,3.17752259411457,0.000219272635968638,1.02384110179909e-06,0.118879327931117,2.84400306055303e-07,5.45833911144295,0.171812126994572,0.123,0.134,1.39,3.18,1.43,5.46,0.17,0.119,0,"sim_diff_3.18_nh4_5.46_no3_0.17_mois_1.39_o2_0.119"
"63","HARV_013-M-33-23-20180712","M",0.132744096473684,17.2,0.8,1.43414048037368,3.17752259411457,0.000263711124795846,1.23133599126465e-06,0.14297179009684,3.42037775351292e-07,0.80436757654333,1.31769497069814,-0.166,-0.087,0.13,3.18,1.43,0.8,1.32,0.143,0,"sim_diff_3.18_nh4_0.8_no3_1.32_mois_0.13_o2_0.143"
"64","HARV_013-M-36.5-18-20181009","M",0.223842986210526,15.4,0.8,1.43414048037368,3.17752259411457,0.000216938863924748,1.01294411171089e-06,0.117614066304208,2.81373364364135e-07,1.44956040599233,0.0476548317966076,0.073,0.09,0.22,3.18,1.43,1.45,0.05,0.118,0,"sim_diff_3.18_nh4_1.45_no3_0.05_mois_0.22_o2_0.118"
"65","HARV_021-M-1-28-20181010","M",0.254209282789474,17.2,0.8,1.43414048037368,3.17752259411457,0.000263082197151394,1.22839936413102e-06,0.142630815057435,3.4122204559195e-07,0.735057723124464,1.46446115607105,-0.098,-0.088,0.25,3.18,1.43,0.74,1.46,0.143,0,"sim_diff_3.18_nh4_0.74_no3_1.46_mois_0.25_o2_0.143"
"66","HARV_034-M-26-8-20180418","M",0.368733601315789,2.5,0.8,1.43414048037368,3.17752259411457,8.98115631436205e-06,4.19353602227022e-08,0.00486916127030264,1.16487111729728e-08,0.531933344623131,0.282369903203027,0.025,0.009,0.37,3.18,1.43,0.53,0.28,0.005,0,"sim_diff_3.18_nh4_0.53_no3_0.28_mois_0.37_o2_0.005"
"67","HARV_035-M-4.5-5-20180419","M",0.465905750368421,1,0.8,1.43414048037368,3.17752259411457,1.80345329861723e-06,8.42079361222054e-09,0.000977747702752274,2.33910933672793e-09,1.27020554963322,0.0458932075042304,-0.006,0.001,0.47,3.18,1.43,1.27,0.05,0.001,0,"sim_diff_3.18_nh4_1.27_no3_0.05_mois_0.47_o2_0.001"
"68","HARV_034-M-1-7-20181010","M",0.513624216421053,15,0.8,1.43414048037368,3.17752259411457,0.000205994406222572,9.61841585475042e-07,0.11168049520238,2.67178218187512e-07,3.3538679955155,0.548369657660928,0.127,0.039,0.51,3.18,1.43,3.35,0.55,0.112,0,"sim_diff_3.18_nh4_3.35_no3_0.55_mois_0.51_o2_0.112"
"69","HARV_035-M-38-33.5-20180709","M",0.327088394578947,15,0.8,1.43414048037368,3.17752259411457,0.000206753701962096,9.65386935231575e-07,0.112092149701888,2.68163037564326e-07,0.732728188653323,1.47377102341902,0.059,-0.004,0.33,3.18,1.43,0.73,1.47,0.112,0,"sim_diff_3.18_nh4_0.73_no3_1.47_mois_0.33_o2_0.112"
"70","HARV_034-M-15.5-30-20180709","M",0.284575579368421,15.1,0.8,1.43414048037368,3.17752259411457,0.000209347027024256,9.77495846027653e-07,0.113498128788766,2.7152662389657e-07,0.453026911921378,0,0.068,0.054,0.28,3.18,1.43,0.45,0,0.113,0,"sim_diff_3.18_nh4_0.45_no3_0_mois_0.28_o2_0.113"
"71","HARV_034-M-16.5-4.5-20180710","M",0.275031886157895,16.5,0.8,1.43414048037368,3.17752259411457,0.00024453195728407,1.14178345813574e-06,0.132573745972427,3.17162071704371e-07,1.28728420767903,0,0.025,0.068,0.28,3.18,1.43,1.29,0,0.133,0,"sim_diff_3.18_nh4_1.29_no3_0_mois_0.28_o2_0.133"
"72","HARV_034-M-10-36-20180418","M",0.499742480842105,2.9,0.8,1.43414048037368,3.17752259411457,1.16147878943007e-05,5.42324726582136e-08,0.00629699265864814,1.50645757383927e-08,1.07980125639797,0.786031796936756,0.074,-0.008,0.5,3.18,1.43,1.08,0.79,0.006,0,"sim_diff_3.18_nh4_1.08_no3_0.79_mois_0.5_o2_0.006"
"73","HARV_034-M-26-6-20180710","M",0.323617960684211,15.5,0.8,1.43414048037368,3.17752259411457,0.000218979645762928,1.02247305414597e-06,0.11872048239806,2.84020292818324e-07,0.335226902510927,0,0.067,0.043,0.32,3.18,1.43,0.34,0,0.119,0,"sim_diff_3.18_nh4_0.34_no3_0_mois_0.32_o2_0.119"
"74","HARV_001-O-37.5-5.5-20181010","O",0.228783442545455,16.3,0.55,1.19457270502709,2.10613233647791,0.000239724540307216,1.11933637497533e-06,0.129967390205468,3.10926770826479e-07,1.33616507633533,0.00626402668314434,0.064,0.142,0.23,2.11,1.19,1.34,0.01,0.13,0,"sim_diff_2.11_nh4_1.34_no3_0.01_mois_0.23_o2_0.13"
"75","HARV_002-O-37-16.5-20181008","O",0.730239964909091,15.1,0.55,1.19457270502709,2.10613233647791,0.000207897247445049,9.70726447214235e-07,0.112712126370986,2.69646235337288e-07,9.39707004128438,3.97722146100841,-0.13,0.011,0.73,2.11,1.19,9.4,3.98,0.113,0,"sim_diff_2.11_nh4_9.4_no3_3.98_mois_0.73_o2_0.113"
"76","HARV_002-O-21.5-4-20180711","O",0.157863362,18.9,0.55,1.19457270502709,2.10613233647791,0.000310971120012877,1.45200522963211e-06,0.168593940551729,4.0333478600892e-07,1.25312138444756,0.058516679135784,0.506,0.111,0.16,2.11,1.19,1.25,0.06,0.169,0,"sim_diff_2.11_nh4_1.25_no3_0.06_mois_0.16_o2_0.169"
"77","HARV_001-O-9-34.5-20180418","O",0.328266620363636,3.7,0.55,1.19457270502709,2.10613233647791,1.78647170412186e-05,8.34150212041336e-08,0.00968541079536885,2.31708392233704e-08,6.86325921641993,0,0.046,0.204,0.33,2.11,1.19,6.86,0,0.01,0,"sim_diff_2.11_nh4_6.86_no3_0_mois_0.33_o2_0.01"
"78","HARV_001-O-35-37-20181010","O",0.290646931272727,16.1,0.55,1.19457270502709,2.10613233647791,0.000234352047822805,1.09425080695473e-06,0.127054677029744,3.03958557487425e-07,2.55262755488302,0.367284540270938,-0.025,0.005,0.29,2.11,1.19,2.55,0.37,0.127,0,"sim_diff_2.11_nh4_2.55_no3_0.37_mois_0.29_o2_0.127"
"79","HARV_001-O-7.5-15-20180710","O",0.151732746,18.9,0.55,1.19457270502709,2.10613233647791,0.000311003769537253,1.45215767877317e-06,0.168611641590884,4.03377132992547e-07,2.23762383845803,0.190463268740501,NA,NA,0.15,2.11,1.19,2.24,0.19,0.169,0,"sim_diff_2.11_nh4_2.24_no3_0.19_mois_0.15_o2_0.169"
"80","HARV_002-O-1-33.5-20180711","O",0.111187081090909,19.2,0.55,1.19457270502709,2.10613233647791,0.00031991610605852,1.49377170144056e-06,0.173443492000599,4.1493658373349e-07,1.6804376966007,0,0.186,0.179,0.11,2.11,1.19,1.68,0,0.173,0,"sim_diff_2.11_nh4_1.68_no3_0_mois_0.11_o2_0.173"
"81","HARV_002-O-9-4-20180711","O",0.0908445825454545,18.9,0.55,1.19457270502709,2.10613233647791,0.00031132808518884,1.45367199309964e-06,0.168787470309903,4.03797775861011e-07,0.495929207818186,0.039031465430135,1.049,0.108,0.09,2.11,1.19,0.5,0.04,0.169,0,"sim_diff_2.11_nh4_0.5_no3_0.04_mois_0.09_o2_0.169"
"82","HARV_001-O-27-32.5-20180710","O",0.181410500727273,17.7,0.55,1.19457270502709,2.10613233647791,0.000277134093425834,1.29401133117121e-06,0.150249093452657,3.59447591992002e-07,2.72304511657182,0,NA,NA,0.18,2.11,1.19,2.72,0,0.15,0,"sim_diff_2.11_nh4_2.72_no3_0_mois_0.18_o2_0.15"
"83","HARV_004-O-0.5-26.5-20180418","O",0.297892204727273,3.4,0.55,1.19457270502709,2.10613233647791,1.54154991902995e-05,7.19789845461455e-08,0.00835755987230245,1.99941623739293e-08,13.585100972947,0.019449412559985,1.651,0.109,0.3,2.11,1.19,13.59,0.02,0.008,0,"sim_diff_2.11_nh4_13.59_no3_0.02_mois_0.3_o2_0.008"
"84","HARV_004-O-10.5-34-20181009","O",0.374803569090909,14.7,0.55,1.19457270502709,2.10613233647791,0.00019957285737016,9.31857699782847e-07,0.108199032919231,2.58849361050791e-07,12.6680651910363,5.55569808166208,0.279,-0.287,0.37,2.11,1.19,12.67,5.56,0.108,0,"sim_diff_2.11_nh4_12.67_no3_5.56_mois_0.37_o2_0.108"
"85","HARV_004-O-27-32-20181009","O",0.386228808,14.9,0.55,1.19457270502709,2.10613233647791,0.000204308713673413,9.53970647502317e-07,0.11076659184888,2.64991846528421e-07,6.83703869209724,1.33649667711074,0.677,0.204,0.39,2.11,1.19,6.84,1.34,0.111,0,"sim_diff_2.11_nh4_6.84_no3_1.34_mois_0.39_o2_0.111"
"86","HARV_005-O-0.5-19.5-20181008","O",0.566245986909091,16.1,0.55,1.19457270502709,2.10613233647791,0.000233244715827575,1.08908038518712e-06,0.126454333613393,3.02522329218645e-07,5.4465538873252,4.78824476847179,-0.063,-0.047,0.57,2.11,1.19,5.45,4.79,0.126,0,"sim_diff_2.11_nh4_5.45_no3_4.79_mois_0.57_o2_0.126"
"87","HARV_005-O-11-37-20180711","O",0.248150615818182,18.6,0.55,1.19457270502709,2.10613233647791,0.000301917053972321,1.40972943489022e-06,0.163685251051142,3.91591509691726e-07,1.95571153180309,0.00470374232662422,0.296,0.07,0.25,2.11,1.19,1.96,0,0.164,0,"sim_diff_2.11_nh4_1.96_no3_0_mois_0.25_o2_0.164"
"88","HARV_004-O-36-30.5-20180418","O",0.444887656545455,4.3,0.55,1.19457270502709,2.10613233647791,2.31922555974727e-05,1.08290687614659e-07,0.0125737520619243,3.00807465596274e-08,21.8375420671984,0.884520711895446,2.843,0.152,0.44,2.11,1.19,21.84,0.88,0.013,0,"sim_diff_2.11_nh4_21.84_no3_0.88_mois_0.44_o2_0.013"
"89","HARV_004-O-6-10-20181009","O",0.379122866727273,15,0.55,1.19457270502709,2.10613233647791,0.000206739578799952,9.65320990505612e-07,0.112084492786485,2.68144719584892e-07,3.60355345908478,1.29593779394961,-0.086,-0.062,0.38,2.11,1.19,3.6,1.3,0.112,0,"sim_diff_2.11_nh4_3.6_no3_1.3_mois_0.38_o2_0.112"
"90","HARV_005-O-23-34.5-20181008","O",0.461886182727273,15.9,0.55,1.19457270502709,2.10613233647791,0.000228607908003235,1.06742992063767e-06,0.123940474118485,2.96508311288242e-07,3.82794212821809,0.336586525124132,0.694,0.314,0.46,2.11,1.19,3.83,0.34,0.124,0,"sim_diff_2.11_nh4_3.83_no3_0.34_mois_0.46_o2_0.124"
"91","HARV_005-O-23.5-6.5-20181008","O",0.347494461454545,15.8,0.55,1.19457270502709,2.10613233647791,0.000226542499013362,1.05778598761103e-06,0.122820706339281,2.93829441003064e-07,5.38436260207462,0.61916144642587,-0.211,-0.006,0.35,2.11,1.19,5.38,0.62,0.123,0,"sim_diff_2.11_nh4_5.38_no3_0.62_mois_0.35_o2_0.123"
"92","HARV_005-O-24.5-36-20180711","O",0.211088255454545,18.1,0.55,1.19457270502709,2.10613233647791,0.000288040401155093,1.34493572523779e-06,0.156161981430387,3.73593257010496e-07,0.529049962789598,0,0.664,0.072,0.21,2.11,1.19,0.53,0,0.156,0,"sim_diff_2.11_nh4_0.53_no3_0_mois_0.21_o2_0.156"
"93","HARV_005-O-7-1.5-20180711","O",0.157445365454545,17.6,0.55,1.19457270502709,2.10613233647791,0.000274512533579313,1.28177058480613e-06,0.148827806791379,3.5604738466837e-07,0.584612167052062,0,0.164,0.124,0.16,2.11,1.19,0.58,0,0.149,0,"sim_diff_2.11_nh4_0.58_no3_0_mois_0.16_o2_0.149"
"94","HARV_001-O-28-35-20180418","O",0.435273736,4.3,0.55,1.19457270502709,2.10613233647791,2.31960882858285e-05,1.08308583435775e-07,0.0125758299655983,3.00857176210486e-08,4.95591855383306,1.87749189756754,0.625,-0.011,0.44,2.11,1.19,4.96,1.88,0.013,0,"sim_diff_2.11_nh4_4.96_no3_1.88_mois_0.44_o2_0.013"
"95","HARV_013-O-10.5-37-20180418","O",0.0759360390909091,3.7,0.55,1.19457270502709,2.10613233647791,1.79421274697696e-05,8.3776470675967e-08,0.00972737909515394,2.32712418544353e-08,0.177683726998523,0,0.771,0.015,0.08,2.11,1.19,0.18,0,0.01,0,"sim_diff_2.11_nh4_0.18_no3_0_mois_0.08_o2_0.01"
"96","HARV_021-O-28-1-20181010","O",0.132086908363636,16.7,0.55,1.19457270502709,2.10613233647791,0.000250528655434179,1.16978360514013e-06,0.135824874152382,3.24939890316704e-07,0.276245161367539,0.109886041027369,0.293,0.046,0.13,2.11,1.19,0.28,0.11,0.136,0,"sim_diff_2.11_nh4_0.28_no3_0.11_mois_0.13_o2_0.136"
"97","HARV_021-O-3-14-20181010","O",0.181271168545455,16.5,0.55,1.19457270502709,2.10613233647791,0.00024509512856434,1.14441305166229e-06,0.132879070998565,3.17892514350635e-07,1.43816928972836,1.13503512035105,-0.158,-0.113,0.18,2.11,1.19,1.44,1.14,0.133,0,"sim_diff_2.11_nh4_1.44_no3_1.14_mois_0.18_o2_0.133"
"98","HARV_021-O-38-18.5-20180712","O",0.259436522545455,16.8,0.55,1.19457270502709,2.10613233647791,0.000252608053540231,1.17949285699719e-06,0.136952226173563,3.27636904721441e-07,1.86434289974039,0.0781362938636798,4.117,-0.008,0.26,2.11,1.19,1.86,0.08,0.137,0,"sim_diff_2.11_nh4_1.86_no3_0.08_mois_0.26_o2_0.137"
"99","HARV_021-O-39.5-23-20180712","O",0.294826896727273,16.3,0.55,1.19457270502709,2.10613233647791,0.000239453194213168,1.11806938932219e-06,0.12982027909352,3.10574830367274e-07,6.81176073564235,0,0.244,0.016,0.29,2.11,1.19,6.81,0,0.13,0,"sim_diff_2.11_nh4_6.81_no3_0_mois_0.29_o2_0.13"
"100","HARV_021-O-6.5-2-20180712","O",0.151593413818182,15.7,0.55,1.19457270502709,2.10613233647791,0.000224793072614574,1.04961745967895e-06,0.121872249484944,2.91560405466374e-07,1.84573334684344,0.296926485480782,-0.015,-0.041,0.15,2.11,1.19,1.85,0.3,0.122,0,"sim_diff_2.11_nh4_1.85_no3_0.3_mois_0.15_o2_0.122"
"101","HARV_013-O-33-23-20180712","O",0.0900085894545455,17.2,0.55,1.19457270502709,2.10613233647791,0.000263992225810441,1.23264852518494e-06,0.143124189868696,3.42402368106927e-07,1.1512586149251,0.0185778600794763,0.901,0.4,0.09,2.11,1.19,1.15,0.02,0.143,0,"sim_diff_2.11_nh4_1.15_no3_0.02_mois_0.09_o2_0.143"
"102","HARV_013-O-37-22.5-20181009","O",0.233381404545455,15.3,0.55,1.19457270502709,2.10613233647791,0.000214565533519793,1.00186241332199e-06,0.116327357991275,2.78295114811664e-07,1.73707452213711,3.66830423279832,-0.187,-0.28,0.23,2.11,1.19,1.74,3.67,0.116,0,"sim_diff_2.11_nh4_1.74_no3_3.67_mois_0.23_o2_0.116"
"103","HARV_013-O-7-37.5-20181009","O",0.133201565818182,15.3,0.55,1.19457270502709,2.10613233647791,0.0002149340881951,1.00358329118335e-06,0.116527171031844,2.78773136439818e-07,0.55995808957817,0.591659123707596,0.247,-0.069,0.13,2.11,1.19,0.56,0.59,0.117,0,"sim_diff_2.11_nh4_0.56_no3_0.59_mois_0.13_o2_0.117"
"104","HARV_033-O-37.5-26.5-20181010","O",0.299564190909091,15.4,0.55,1.19457270502709,2.10613233647791,0.000216779540478419,1.01220018900429e-06,0.117527688612165,2.81166719167859e-07,2.15270528165512,1.10158951400054,-0.103,-0.035,0.3,2.11,1.19,2.15,1.1,0.118,0,"sim_diff_2.11_nh4_2.15_no3_1.1_mois_0.3_o2_0.118"
"105","HARV_033-O-8.5-15.5-20180709","O",0.102548485818182,15.3,0.55,1.19457270502709,2.10613233647791,0.000215046890336666,1.00410999378988e-06,0.116588327056714,2.78919442719411e-07,0.790705276943019,0,0.66,0.015,0.1,2.11,1.19,0.79,0,0.117,0,"sim_diff_2.11_nh4_0.79_no3_0_mois_0.1_o2_0.117"
"106","HARV_033-O-9.5-24.5-20181010","O",0.121358330363636,15.7,0.55,1.19457270502709,2.10613233647791,0.00022490946758466,1.05016093813849e-06,0.121935353372747,2.91711371705137e-07,0.443204684527614,0.0403842792130121,0.295,0.185,0.12,2.11,1.19,0.44,0.04,0.122,0,"sim_diff_2.11_nh4_0.44_no3_0.04_mois_0.12_o2_0.122"
"107","HARV_021-O-1-28-20181010","O",0.115227714363636,17.2,0.55,1.19457270502709,2.10613233647791,0.000263878314625784,1.23211664416708e-06,0.143062432572734,3.42254623379746e-07,0.318887847277519,0.287096136475879,-0.065,-0.062,0.12,2.11,1.19,0.32,0.29,0.143,0,"sim_diff_2.11_nh4_0.32_no3_0.29_mois_0.12_o2_0.143"
"108","HARV_034-O-26-6-20180710","O",0.210391594545455,15.5,0.55,1.19457270502709,2.10613233647791,0.000219584437767619,1.02529698568538e-06,0.119048372226802,2.84804718245938e-07,1.84512061903896,0.413424000375444,0.383,0.154,0.21,2.11,1.19,1.85,0.41,0.119,0,"sim_diff_2.11_nh4_1.85_no3_0.41_mois_0.21_o2_0.119"
"109","HARV_034-O-34.5-11-20181010","O",0.419111202909091,15.7,0.55,1.19457270502709,2.10613233647791,0.000223763875281539,1.04481186901886e-06,0.121314267013856,2.90225519171905e-07,2.1846915511418,0.905653952109693,-0.037,-0.019,0.42,2.11,1.19,2.18,0.91,0.121,0,"sim_diff_2.11_nh4_2.18_no3_0.91_mois_0.42_o2_0.121"
"110","HARV_034-O-5-38.5-20181010","O",0.29886753,14.5,0.55,1.19457270502709,2.10613233647791,0.000195099530683161,9.10970571283241e-07,0.105773805221221,2.53047380912011e-07,2.21568008378211,1.13238877009205,-0.135,-0.081,0.3,2.11,1.19,2.22,1.13,0.106,0,"sim_diff_2.11_nh4_2.22_no3_1.13_mois_0.3_o2_0.106"
"111","HARV_034-O-7-1-20180418","O",0.447256303636364,3.1,0.55,1.19457270502709,2.10613233647791,1.30809255279319e-05,6.1078251492289e-08,0.00709186364549355,1.69661809700803e-08,2.66957405135855,1.93482889960849,-0.1,-0.087,0.45,2.11,1.19,2.67,1.93,0.007,0,"sim_diff_2.11_nh4_2.67_no3_1.93_mois_0.45_o2_0.007"
"112","HARV_033-O-16.5-5-20181010","O",0.420225860363636,15,0.55,1.19457270502709,2.10613233647791,0.000206593649760949,9.64639609778749e-07,0.112005376913199,2.67955447160763e-07,4.99345928303391,2.9171289962566,0.565,0.595,0.42,2.11,1.19,4.99,2.92,0.112,0,"sim_diff_2.11_nh4_4.99_no3_2.92_mois_0.42_o2_0.112"
"113","HARV_035-O-0.5-36.5-20180419","O",0.422455175272727,3.3,0.55,1.19457270502709,2.10613233647791,1.45995685824696e-05,6.81691918247607e-08,0.00791520060631944,1.89358866179891e-08,3.05005102035466,0,0.136,0,0.42,2.11,1.19,3.05,0,0.008,0,"sim_diff_2.11_nh4_3.05_no3_0_mois_0.42_o2_0.008"
"114","HARV_035-O-21-4-20180709","O",0.163436649272727,16.3,0.55,1.19457270502709,2.10613233647791,0.000239993099696265,1.12059034877634e-06,0.130112990496808,3.11275096882315e-07,1.79097256003022,0.0774493226997503,0.478,0.12,0.16,2.11,1.19,1.79,0.08,0.13,0,"sim_diff_2.11_nh4_1.79_no3_0.08_mois_0.16_o2_0.13"
"115","HARV_035-O-27-3-20181011","O",0.345961807454545,16,0.55,1.19457270502709,2.10613233647791,0.000231590735170168,1.08135751830429e-06,0.125557622958664,3.00377088417857e-07,3.17323307866801,0,0.206,0.161,0.35,2.11,1.19,3.17,0,0.126,0,"sim_diff_2.11_nh4_3.17_no3_0_mois_0.35_o2_0.126"
"116","HARV_035-O-38-33.5-20180709","O",0.259018526,15,0.55,1.19457270502709,2.10613233647791,0.00020716613595061,9.6731269704565e-07,0.112315752045856,2.6869797140157e-07,2.47069311160681,0,0.955,0.263,0.26,2.11,1.19,2.47,0,0.112,0,"sim_diff_2.11_nh4_2.47_no3_0_mois_0.26_o2_0.112"
"117","HARV_035-O-8-24.5-20180709","O",0.199523684363636,15.7,0.55,1.19457270502709,2.10613233647791,0.00022460858795784,1.04875605272143e-06,0.121772230565988,2.91321125755953e-07,2.65455048206828,0.75346034737192,-0.044,-0.079,0.2,2.11,1.19,2.65,0.75,0.122,0,"sim_diff_2.11_nh4_2.65_no3_0.75_mois_0.2_o2_0.122"
"118","HARV_034-O-15.5-30-20180709","O",0.167895279090909,15.1,0.55,1.19457270502709,2.10613233647791,0.0002099166758063,9.80155684698676e-07,0.113806965612235,2.72265467971854e-07,1.4575790862665,0,0.182,0.139,0.17,2.11,1.19,1.46,0,0.114,0,"sim_diff_2.11_nh4_1.46_no3_0_mois_0.17_o2_0.114"
"119","HARV_037-O-0-34.5-20180710","O",0.129718261272727,14.2,0.55,1.19457270502709,2.10613233647791,0.000188636529016093,8.80793131592653e-07,0.102269869168258,2.44664758775737e-07,0.463900094337512,0,1.05,0.209,0.13,2.11,1.19,0.46,0,0.102,0,"sim_diff_2.11_nh4_0.46_no3_0_mois_0.13_o2_0.102"
"120","HARV_037-O-0.5-23-20181010","O",0.455894898909091,14.9,0.55,1.19457270502709,2.10613233647791,0.000204064277161386,9.52829309702968e-07,0.110634069848845,2.64674808250824e-07,3.23290918670968,2.59919369421536,0.298,0.183,0.46,2.11,1.19,3.23,2.6,0.111,0,"sim_diff_2.11_nh4_3.23_no3_2.6_mois_0.46_o2_0.111"
"121","HARV_037-O-10-4.5-20180419","O",0.529183626545455,2,0.55,1.19457270502709,2.10613233647791,6.0666098262763e-06,2.83265828464263e-08,0.0032890310082795,7.86849523511841e-09,3.45838891042971,0,0.308,0.252,0.53,2.11,1.19,3.46,0,0.003,0,"sim_diff_2.11_nh4_3.46_no3_0_mois_0.53_o2_0.003"
"122","HARV_037-O-19-4-20181010","O",0.461746850545455,14.5,0.55,1.19457270502709,2.10613233647791,0.000194554520495374,9.08425776632098e-07,0.105478326286727,2.52340493508916e-07,3.58755240113707,10.6420672067343,0.646,0.56,0.46,2.11,1.19,3.59,10.64,0.105,0,"sim_diff_2.11_nh4_3.59_no3_10.64_mois_0.46_o2_0.105"
"123","HARV_037-O-33-19.5-20181010","O",0.459935532181818,14.9,0.55,1.19457270502709,2.10613233647791,0.000204050102088486,9.52763122592151e-07,0.110626384789866,2.64656422942264e-07,3.00679854116034,2.28028471839286,-0.049,-0.029,0.46,2.11,1.19,3.01,2.28,0.111,0,"sim_diff_2.11_nh4_3.01_no3_2.28_mois_0.46_o2_0.111"
"124","HARV_037-O-34-39-20180710","O",0.340527852363636,14.3,0.55,1.19457270502709,2.10613233647791,0.00019027853069325,8.88460065493775e-07,0.103160085382333,2.4679446263716e-07,1.63879450824917,0.0480521803294069,1.616,0.123,0.34,2.11,1.19,1.64,0.05,0.103,0,"sim_diff_2.11_nh4_1.64_no3_0.05_mois_0.34_o2_0.103"
"125","HARV_037-O-35-17.5-20180419","O",0.425938479818182,1.8,0.55,1.19457270502709,2.10613233647791,5.0540730576468e-06,2.35987847049656e-08,0.00274008111296545,6.55521797360156e-09,2.7782654492384,1.86413807023487,0.336,0.095,0.43,2.11,1.19,2.78,1.86,0.003,0,"sim_diff_2.11_nh4_2.78_no3_1.86_mois_0.43_o2_0.003"
